epochs,batch_size,mae,mse,r2
50,16,7.0783138960389635,95.27173345854955,0.027893276428785196
100,32,6.959619121395696,96.11969337082422,0.03145090477447182
150,64,7.01437803913659,96.26969849767508,0.03072642869468578
