Variable,MSE,MAE,MedAE,RMSE,R² (%)
Incidencias,27.398791411836388,4.426282957766165,4.341888427734375,5.234385485597749,0.9137675653631994
Clientes,0.11068645749978889,0.2462899031977294,0.2016564607620257,0.33269574313445743,99.93264919347203
TM Muerto,1.8601669586281384,1.0507941057082675,0.8523428344726511,1.3638793783279144,99.93099346599793
TM Resolución,3.322153777317516,1.4094577021834314,1.152984619140625,1.822677639440808,99.92907535373983
